{
  "project_info": {
    "project_number": "188192929318",
    "firebase_url": "https://test2-7347f.firebaseio.com",
    "project_id": "test2-7347f",
    "storage_bucket": "test2-7347f.appspot.com"
  },
  "client": [
    {
      "client_info": {
        "mobilesdk_app_id": "1:188192929318:android:933eb5b6a20432ae",
        "android_client_info": {
          "package_name": "com.mycompany.myapp3"
        }
      },
      "oauth_client": [
        {
          "client_id": "188192929318-63pfpnb5ecneh6t6adqk1e0ek41s4d1o.apps.googleusercontent.com",
          "client_type": 3
        }
      ],
      "api_key": [
        {
          "current_key": "AIzaSyDoav4PH4U3nGdURCTmisAsWw5Inqvghw4"
        }
      ],
      "services": {
        "analytics_service": {
          "status": 1
        },
        "appinvite_service": {
          "status": 1,
          "other_platform_oauth_client": []
        },
        "ads_service": {
          "status": 2
        }
      }
    },
    {
      "client_info": {
        "mobilesdk_app_id": "1:188192929318:android:672993f1de76f635",
        "android_client_info": {
          "package_name": "com.mycompany.myapp4"
        }
      },
      "oauth_client": [
        {
          "client_id": "188192929318-63pfpnb5ecneh6t6adqk1e0ek41s4d1o.apps.googleusercontent.com",
          "client_type": 3
        }
      ],
      "api_key": [
        {
          "current_key": "AIzaSyDoav4PH4U3nGdURCTmisAsWw5Inqvghw4"
        }
      ],
      "services": {
        "analytics_service": {
          "status": 1
        },
        "appinvite_service": {
          "status": 1,
          "other_platform_oauth_client": []
        },
        "ads_service": {
          "status": 2
        }
      }
    }
  ],
  "configuration_version": "1"
}